thread_id,inbound_text,outbound_text,provisional_intent,true_intent,good_reply_notes,true_action
amz_thread_0177,@115850 I mean I don't have problem with most of the orders but the black dot moving with the green bar is quite irritating,"@117797 I get your concern, BIgral. I'll share your comments with internal teams for review. Do keep us posted. ^SV",Other,General Complaint,Acknowledge UI feedback politely and confirm sharing with internal app teams,AUTO_HANDLE
amz_thread_0119,@AmazonHelp hey amazon - please help me :( i hVe tried calling and chatting with y’all but keep hitting walls. DM?,"@116923 We'd like to help in any way we can, Juan! I've enabled direct messaging. Without providing personal or account information, please tell us a little more about what's going on. ^FD https://t.co/1XyLaGkcaN",Other,,,
amz_thread_0140,"@AmazonHelp Thank you. Spoke with customer service who was very nice &amp; helpful &amp; put me straight through to a Competent logistics person who documented issue, researched my acct &amp; was going to contact delivery Svc directly to ensure procedures followed. Time will tell. Thank you.",@117198 You're welcome. Reach out again if you have questions in the future. We're here to help. ^JF,Other,,,
amz_thread_0116,@AmazonHelp Trying to get a friend's playlist on my Amazon music app but it keeps giving me the following message https://t.co/o6zINm6HBC,@116919 Very strange! Is your friend able to replicate the issue on his app? You might also need to try uninstalling and reinstalling the app. ^JP,Other,,,
amz_thread_0288,"@AmazonHelp yes spoke w/ customer service, still canceling my prime though since it does literally nothing apparently","@118708 We'd like to take a closer look. When you can, please provide us some more information here: https://t.co/ApyxSZALFH ^TN",Other,,,
amz_thread_0148,@AmazonHelp Okay....what information do you need to be able to help then???,"@117498 Hi, is the book listed as sold or fulfilled by Amazon? If so, please get in touch with us via the link ^GM provided. ^TS",Other,,,
amz_thread_0039,"@AmazonHelp My package just got here. All good, thank you!","@116087 Thank you for keeping us posted, Rachael! ^BA",Other,,,
amz_thread_0189,@116935 worst customer service; got hung up on twice,@117845 I'm so sorry we've let you down; that's never our intent! We'd like to take a closer look into this and explore options with you. Please reach us by phone or chat when you have a moment for direct assistance: https://t.co/hApLpMlfHN ^LL,Other,,,
amz_thread_0056,"@AmazonHelp I'm learning German, so I don't really mind between German/English. If I have to choose, I say German.","@116315 Du kannst bei den Kategorien ""Bücher"" oder ""Bücher Fremdsprachig"" auswählen, wobei ersteres deinem Wunsch entspricht. Gruß ^JS",Other,,,
amz_thread_0152,@115821 I’ve had nothing but trouble with 2/3 of my orders this month and I’m starting to doubt my continuing my prime membership,"@117631 Without posting account information, could you provide us with a few details about the issue? We'd like to help! ^WM",Other,,,
amz_thread_0118,@AmazonHelp Thank you so much once again for kinds of word,@116921 You're welcome Dhiraj. :),Other,,,
amz_thread_0130,"@115850 I have stopped ordering from your site, Amazon courier guys are very rude. I have given similar complaints to u no of tyms.",@117088 Please share your details here: https://t.co/GIJyeYqKE0 and I'll get in touch with you. 2/2 ^HD,Other,,,
amz_thread_0075,"just noticed I paid £4.95 delivery on Amazon simply because I did not select the FREE delivery option, after I spent enough to qualify... what a RIP OFF, why is it not free automatically when qualifying @115830","@116586 Hi, you can edit your order at any time before it enters the dispatch process. To do this please check out our help page: https://t.co/wRa3FyXyBb ^KI",Other,,,
amz_thread_0092,@115821 Apparently if you preorder something then move and update your address the preorder doesn't update automagically. #lessonlearned?,"@116847 Uh oh! If you can't recover it, please reach out to us here and we'll see what options are available: https://t.co/VoPytkt92p ^MB",Other,,,
amz_thread_0084,"@AmazonHelp Many times, but still failing, and it happen with some show",@116617 Is this still ongoing? What devices are you using? ^AN,Other,,,
amz_thread_0098,"To the person or persons that stole that big, heavy Amazon box of my porch today: enjoy 200 13 gallon garbage bags!","@116850 Oh no! Have you had a chance to report this to us: https://t.co/CYqkdUakWJ? If so, what options and insight did we provide? ^GM",Delivery Tracking,,,
amz_thread_0203,@AmazonHelp @115766 Can I get a confirmation that it will ship tomorrow?,@117957 We always strive to get your order to you at the stated expected delivery time that is stated at the time of checkout ^CH,Delivery Tracking,,,
amz_thread_0202,@115821 where’s my damn nutribullet,@117956 I'm sorry you haven't received your item! Can you tell us who the carrier is? Found here: https://t.co/q4LAMZ3tbE ^AC,Delivery Tracking,,,
amz_thread_0176,The reliability of @115821 2 Day Prime is hitting an all time low. Not sure what is going on over there.,"@117796 I'm sorry for any trouble, Chris! We're here to help. Are you having trouble with a specific order? ^BL",Delivery Tracking,,,
amz_thread_0143,"@115830 when you can't get my Prime order to me on time, what happens? I needed it on time! It's a gift! Your courier not up to the job?","@117494 We're unable to view your account, but we'd like to help in real-time, via phone or chat here: https://t.co/JzP7hlA23B ^NN",Delivery Tracking,,,
amz_thread_0245,@AmazonHelp what the hell is going on?! Today's last day to deliver and still not shipped!! Should I pledge that I won't ever order from u?!,"@118356 I understand your concern, Nihal. Could you confirm if you've report this to our team using the link provided earlier? ^HD",Delivery Tracking,,,
amz_thread_0242,@AmazonHelp My Halloween costume is a day late. Can you help?,"@118354 I'm so sorry we've let you down. Please reach us here: https://t.co/hApLpMlfHN, so we can explore options with you. ^LL",Delivery Tracking,,,
amz_thread_0146,@AmazonHelp Well it says arriving today but honestly I know that’s fake as looked last four days and it’s still the same then https://t.co/3T23E69GE0,"@117498 I understand your concern. At your earliest convenience, we'd like to look into this with you: https://t.co/oGDklGgbCZ ^GM",Delivery Tracking,,,
amz_thread_0025,@115850 @115821 @AmazonHelp @115851 Order# 3632693-6196346. You couldn't deliver EVEN AFTER A MONTH. You should be ashamed of yourself.,@115849 Please report this to our support team here: https://t.co/TdDksLo6Mf and we'll look into this. 2/2 ^HD,Delivery Tracking,,,
amz_thread_0002,"@AmazonHelp 3 different people have given 3 different answers and I still don't have my order. Says delivered Saturday, was not, I was home all day",@115820 We'd like to take a further look into this with you! Please reach us by phone or chat here: https://t.co/hApLpMlfHN ^AG,Delivery Tracking,,,
amz_thread_0054,@AmazonHelp Yeah I sent you a DM too. Had an email saying when it had been dispatched but nothing since.,@116314 We're unable to view any account information via Twitter. What's the current tracking shown here: https://t.co/aaDyEz1VgE? ^AG,Delivery Tracking,,,
amz_thread_0099,"Hey @115821, maybe don't ask people to pay $8 for ""launch day arrival"" if you're not going to ship the package until the day after launch!","@116851 I'm sorry for the poor experience, Skylar. Were you given a reason for the delay? Check here: https://t.co/KhGfgWxX2q ^FD",Delivery Tracking,,,
amz_thread_0239,"@AmazonHelp Carrier: AMZL US, Tracking #: TBA516106123000","@118235 I'd like someone from my team to check into this. When you can, please drop your details here: https://t.co/jNvrqbIPwn ^BL",Delivery Tracking,,,
amz_thread_0252,@115821 thanks for such thoughtful packing. Must be why it takes so long to ship #whoneedspeanuts #oversized https://t.co/c3quxqnvqi,@118503 That does seem excessive. Help us improve by leaving order specific packaging feedback here: https://t.co/TH7UAFZey5. ^EZ,Delivery Tracking,,,
amz_thread_0218,@AmazonHelp still have not received my package I paid extra for guaranteed next day. Won't do that again,@118086 I'm sorry your order hasn't arrived! What is the delivery date shown in the confirmation e-mail: https://t.co/CTNCjpcgOm? ^SJ,Delivery Tracking,,,
amz_thread_0006,@115830 my package was ‘accidentally’ opened.. 4 items missing worth £97. You need better delivery drivers!! https://t.co/f6SaVBSMqM,@115829 I'm sorry your order arrived in this condition! Please reach out to us for available options: https://t.co/JzP7hlA23B ^DG,Damaged/Wrong Item,,,
amz_thread_0231,My drying rack was broken when I opened the box. What should I do @115821? https://t.co/II4YnrWx0E,"@118092 I'm sorry your order arrived damaged, Marsha! You can see available options for that item here: https://t.co/T994nVbxA2 ^LA",Damaged/Wrong Item,,,
amz_thread_0181,"@115821 , #fake I phone 7 received from amazon , order India - order ID: 171-8960684-6076325, amazon India has refused to replace @115850 https://t.co/iHDriblZw9",@117791 Sorry for the trouble with the order. We've emailed you here: https://t.co/DhLEO2IzjY Kindly check and respond. Please 1/2,Damaged/Wrong Item,,,
amz_thread_0019,"@115821, it’d be nice if the book I waited 4 months for wasn’t damaged inside of an undented box. #twinpeaks #twin… https://t.co/Lac4K7iQzJ https://t.co/JroqJKrH9Q",@115839 I'm sorry your book arrived this way! You can find replacement/refund options here: https://t.co/zRrkpVcaDF ^VS,Damaged/Wrong Item,,,
amz_thread_0109,"@AmazonHelp AMZL US Tracking ID TBA566517950000 it says delivered to mail room, I checked the mail and the front offce, the driver listed 1 package, in that one package was my XLR cables...I'm missing the controller.","@116914 I understand your frustration! Our team would like a chance to address this concern. At your convenience, include your details here: https://t.co/hKZOmv3DMU ^SJ",Damaged/Wrong Item,,,
amz_thread_0090,@115830 website impossible to navigate - all I want to do is email about a faulty item - 20 min going round in circles. Infuriating 😡😡😡,@116845 I'm sorry for the trouble! Let's go over your available options here: https://t.co/JzP7hlA23B ^LL,Damaged/Wrong Item,,,
amz_thread_0170,"@115821 , #fake I phone 7 received from amazon , India - order ID: amazon India has refused to replace @115850 pictures attach herewith. https://t.co/iYmtFWzE6o","@117791 Please don't provide your details, we consider it personal information. Our Twitter page is visible to public. 2/2 ^MK",Damaged/Wrong Item,,,
amz_thread_0045,"@AmazonHelp Fulfilled by Amazon. It’s quite disturbing you’re selling counterfeit items, and can’t be trusted.","@116091 We'd like to look into this with you in real time, Bry. When you can, please ring or chat in with us: https://t.co/JzP7hlA23B ^BL",Damaged/Wrong Item,,,
amz_thread_0243,Seriously @115821 what is up with ordering things and it being open? You guys shipping returned items. 2nd day in a row this happens :SMH: https://t.co/gMyT1z9Zu1,@118355 We do not want this to happen and are eager to help. Reach out to us for more assistance here: https://t.co/hApLpMlfHN ^LM,Damaged/Wrong Item,,,
amz_thread_0182,@AmazonHelp Was sent this item in 6x9 size. Trying to return &amp; UPS did not show up today. I'd keep item if I could get refund for price difference. https://t.co/G1a6por32Z,@117798 We would like to investigate further with you. Please reach out to us at your convenience: https://t.co/hApLpMlfHN ^JP,Damaged/Wrong Item,,,
amz_thread_0173,Ordered cases for our new iPhone X and @115821 sent me iPhone 8 cases for BOTH ones. NOT THE SAME PHONE! #pissed,@117793 I'm sorry you didn't receive the correct items! I recommend trying the steps here for wrong items: https://t.co/3B6iUhjS3U ^SJ,Damaged/Wrong Item,,,
amz_thread_0044,Two fake items in one day. Time to cancel my Amazon Prime membership. @AmazonHelp,@116091 Oh no! I'm so sorry to hear this. Was the item sold by Amazon directly or Third-party seller: https://t.co/aaDyEz1VgE. ^LH,Damaged/Wrong Item,,,
amz_thread_0141,@115821 So for the 4th time the package I ordered was tossed onto my property instead of being left on my front porch. It was raining. Package wet. I’ve complained repeatedly to no avail. Since Amazon switched from USPS to local delivery Svc the SERVICE is terrible.,@117198 I am so sorry this has happened. Can you please clarify the carrier for us? We want to assist! You can see that info here: https://t.co/WvaNTeDWQh ^BA,Damaged/Wrong Item,,,
amz_thread_0291,"Hi @AmazonHelp, I’ve purchased something via your app and it’s broken! How can I get it replaced?","@118710 Hi, Reece! I'm sorry about the broken item. You can check into options here: https://t.co/Ueduyt85xq ^BL",Damaged/Wrong Item,,,
amz_thread_0051,@116096 Truly. This is the strangest vampire book I’ve ever received. 😜 cc @43760 @AmazonHelp #misship https://t.co/Zad7Az14Zg,@116095 I'm sorry you received an incorrect item. Have you checked out our return/replacement options here: https://t.co/FRsodhtXKJ? ^FJ,Damaged/Wrong Item,,,
amz_thread_0003,@115823 I want my amazon payments account CLOSED. dm me please.,"@115822 I am unable to affect your account via Twitter. For real time support, phone or chat use this link: https://t.co/hApLpMlfHN ^CH",Account Access,,,
amz_thread_0034,"@115821 being charged for amazon prime &amp; when I go to cancel it, it’s saying I’m not a member😠😠😠",@116083 Hmm... We'd like to take a better look at this with you. Please reach us via phone/chat here: https://t.co/JzP7hlA23B ^KP,Account Access,,,
amz_thread_0096,"@AmazonHelp no luck on receiving the code by text or call, will I loose my account, yesterday a phone representative tried to help already https://t.co/Yn5SUBQonU",@116849 I'm sorry for the challenge signing in. Please use the link from above again so that we can help. Keep us updated! ^MH,Account Access,,,
amz_thread_0011,"Bought an @115821 Echo Show and it won’t recognize a single @AmazonHelp account in our household. WTF, guys?","@115834 Oh no, I'm sorry for the issues! For troubleshooting, please check out our Echo Help pages here: https://t.co/a31c4ynHES ^SG",Account Access,,,
amz_thread_0080,"@AmazonHelp um, my account was locked as soon as I tried to login on desktop. I still haven’t received an email on how to get it unlocked...",@116612 I'm sorry your account is locked! Please reach out directly to us here: https://t.co/jzvkhdlrK5 so we can take a closer look. ^TN,Account Access,,,
amz_thread_0156,@AmazonHelp It looks as though someone has changed the email address linked to my acct &amp; I can no longer log in. Help!,"@117632 We're here to help! Please, reach us phone or e-mail so we can investigate: https://t.co/jzvkhdlrK5 ^EB",Account Access,,,
amz_thread_0032,@AmazonHelp You have to log in. I don't remember the email address I used. Can you look up the account by my bank information?,@116082 It would be best if you get in touch with us by phone or chat.use this link to do so: https://t.co/hApLpMlfHN ^CH,Account Access,,,
amz_thread_0124,"@AmazonHelp Still not working. They sent me a link to reset the password, try and sign in with new password and still locked out.",@116932 Did information get sent to our Accounts Specialists to look into when you contacted in? ^DO,Account Access,,,
amz_thread_0155,@AmazonHelp Hello? So how do I contact someone if I can't log in?! I'm really concerned about what is happening with my acct and who has access to it!,@117632 Hi Emma. I understand. You can use this link (which doesn't require a log in) to get in touch: https://t.co/zYVX1Qi29G ^DC,Account Access,,,
amz_thread_0233,@115851 my Amazonid is __email__ is blocked since 3months please unblock it.,"@118231 Hi, you should have received an email with an update over your account. We will not be check this for you. ^RW",Account Access,,,
amz_thread_0031,@AmazonHelp Thats the thing I told customer service. I created a new email address for the Prime trial and forgot it. What can I do so I'm not charged?,@116082 Hey Corey! Even on the new account you made you can turn of the auto renew through the same link ^SK posted for you. ^AJ,Account Access,,,
amz_thread_0081,@AmazonHelp I can’t log in because it’s locked.,"@116612 The link ^TN provided will allow you to contact us without signing in! Select ""skip log in"" and you'll be in touch in no time! ^VB",Account Access,,,
amz_thread_0249,@115821 WTF MAN. YALL LET SOME RANDO CHANGE MY EMAIL TO MY ACCOUNT AND NOW I CANT LOG IN. FIX IT!!!!!,"@118498 I'm so sorry about that, Alexis. When you can, please reach us here so we can better assist: https://t.co/hApLpMlfHN ^BL",Account Access,,,
amz_thread_0033,"@AmazonHelp I have tried. It’s not allowing me to access my account to cancel my membership, I haven’t even used prime in almost 3 months.",@116083 I'm sorry to hear you're not able to access your account. Please use this link instead to contact us: https://t.co/zYVX1Qi29G. ^LH,Account Access,,,
amz_thread_0097,@AmazonHelp Im not receiving 2step code by text or call in my smartphone can't log in into my account already got help by phone with no luck,@116849 Sorry you're having problems logging in. Please let us know which Amazon site you are using (.com .es). Thanks. ^SE,Account Access,,,
amz_thread_0020,"@AmazonHelp delivery I paid for today,didn’t arrive.why not?i paid enough for it.where is it??I’m unhappy.refund the delivery charge",@115842 Oh no! Please contact us via phone/chat here: https://t.co/JzP7hlA23B We're unable to view order details via Twitter. ^KL,Refund Inquiry,,,
amz_thread_0030,@AmazonHelp I called customer service and was told my membership wouldn't be renewed. I was just charged today. How do I get a refund? https://t.co/SeoQUsA0VA,@116082 Canceling your Prime membership can be done here:https://t.co/MlOxxuNX7N. You'll be shown your estimated refund there. ^SK,Refund Inquiry,,,
amz_thread_0110,@AmazonHelp And you guys have officially lost me as a customer. Was promised today...was never shipped. Give me my refund please so I may take my business else where. https://t.co/69tW0B5r9H,@116914 I'm truly sorry for the inconvenience! We don't have access to your account via Twitter. We'd like to help if we can. Please connect with us here so we can assist you: https://t.co/hApLpMlfHN ^MO,Refund Inquiry,,,
amz_thread_0064,@AmazonHelp i mailed amazonuk so many time. but i havent got any progress.customer care just saying thats in the billing section.no i havent got refund,@116321 Have you had a chance to speak with your bank regarding the refund? ^EA,Refund Inquiry,,,
amz_thread_0061,Erm @AmazonHelp I bought this item for £5.99... why am I only getting £1.67 back?! https://t.co/lb33bFOcW0,@116318 We'd like to take a closer look into this refund for you. Please reach us at:https://t.co/JzP7hlA23B ^CC,Refund Inquiry,,,
amz_thread_0162,"Worst experience in shopping no product no refund , been 40 days. F&amp;@694 it @115821",@117789 Please report this to our support team here: https://t.co/TdDksLo6Mf and we'll look into this. 2/2 ^HD,Refund Inquiry,,,
amz_thread_0213,@AmazonHelp you keep insisting you havnt taken any money from me dispite proof! #givememymoneyback https://t.co/CeRSmNOEdK,"@118083 Thanks for reaching out, Gemma! We have responded to your direct message. Please respond to us there! ^HM",Refund Inquiry,,,
amz_thread_0167,"Worst experience in shopping no product no refund , been 40 days. F&amp;@694 it @115821","@117789 Apologies for the delay in delivery of your order, Benish. We'd like to take a closer look. 1/2 ^HD",Refund Inquiry,,,
amz_thread_0157,Haha @117634 has been sneakily charging me $9.99 SINCE FEBRUARY for a service I never use💩🙈👎 $90 gone!!! Thanks @AmazonHelp,@117633 Oh no! We'd like to review these charges and available options with you. Please reach us here: https://t.co/hApLpMlfHN. ^EZ,Refund Inquiry,,,
amz_thread_0035,@AmazonHelp where can I chat with a support member for a false charge,@116084 I'm sorry you've encountered an unknown charge! We'd be happy to look into this with you here: https://t.co/hApLpMlfHN ^BL,Refund Inquiry,,,
amz_thread_0142,@AmazonHelp UPS supposed to pick up a return package yesterday and bring return label... never showed.,"@117493 I'm sorry your package wasn't picked up! When you have a moment, reach out to us here: https://t.co/EKXRLsnxJu ^AC",Refund Inquiry,,,
amz_thread_0267,"@115850 Please revert whether you would be able to recalculate the gesture amount, revert at the earliest to settle this out of court for all mishap",@118505 We're working on your concern. We'll reach out to you soon and update. ^RI,Refund Inquiry,,,
amz_thread_0063,"@AmazonHelp yes i did,but amazonuk is not doing the refund process.if they do it .i will get the money","@116321 I would like someone from our team to take a look into this for you, Sanu. Please reach out here: https://t.co/QtC7bueYoR ^LA",Refund Inquiry,,,
amz_thread_0161,"@115850 Under the same order ID another product of 617 was delivered, paid 700 asked to add the balance to the wallet, same thing, not added",@117638 Thank you for providing the details. We are working on it and we'll get back to you soon. ^SY,Refund Inquiry,,,
amz_thread_0066,@115830 amazonuk took money without any https://t.co/w25zXi7DYp they are not giving it back nor giving clear statement of my refund proces,"@116321 I'm sorry for the frustration! Without giving personal/account details, could you tell us a bit more about what's going on? ^DG",Refund Inquiry,,,
amz_thread_0029,@AmazonHelp but I can’t find the options to cancel or re-order?,@116081 I'm sorry for the delay! We'd like to take a further look into this with you! Please reach us here: https://t.co/hApLpMlfHN ^AG,Order Cancellation,,,
amz_thread_0280,@AmazonHelp I have asked the customer care exec on phone to cancel the order. Don't want to waste any more of my time on this.,@118701 I'm sorry about the trouble Manak. Kindly reply to the email sent by our team for further assistance. ^GD,Order Cancellation,,,
amz_thread_0281,@AmazonHelp I am now cancelling this order because your delivery service just sucks despite prime membership. Switching to @118702 for future.,@118701 you've received from our team and we will get back to you with the latest update on your issue. (2/2)^SQ,Order Cancellation,,,
amz_thread_0127,@AmazonHelp Trying to place an order this happened before and deleting and rentering my address fixed it but now it's across multiple prime accounts to the same address,"@116936 Prime shipping refers to transit time after your orders ship, in working days. Some orders require additional processing and handling. The delivery date shown at checkout is the most accurate. ^LR",Other,,,
amz_thread_0289,"@AmazonHelp Yes, butvthey lied. Told me carrier and said they would contact and call me back. The never called. I hsdvto make 2 additional calls",@118709 I'm sorry you've had to invest so much time in this! Were we able to help resolve the issue on the last call? ^TL,Other,,,
amz_thread_0235,@AmazonHelp Done that. Was told I would definitely have it by 9pm yesterday &amp; it's still not been delivered!!!!,"@118232 Just to confirm, what's the current tracking information listed for your order here: https://t.co/aaDyEz1VgE ^HC",Delivery Tracking,,,
amz_thread_0199,hey @115821 why did i pay extra for shipping only for my order to say 'arriving today' and it still hasnt shipped yet just wondering.,@117952 I'm sorry your order hasn't arrived! We'd like to see how we can help so please reach us here: https://t.co/hApLpMlfHN ^DD,Delivery Tracking,,,
amz_thread_0053,"@AmazonHelp Just now, don't use Amazon much so didn't know the process if you don't receive an item","@116314 Please allow 48 hours for the seller to respond, Allen. Let us know how it works out and if we can help with anything else! ^CN",Delivery Tracking,,,
amz_thread_0017,@AmazonHelp Already started the return. UPS gets it from my doorstep tomorrow. Order 111-5014070-4118645,@115838 Provide your details here: https://t.co/6f6cWZv7vm and my team will escalate the order to Amazon Logistics for feedback. ^EZ,Other,,,
amz_thread_0269,@AmazonHelp I had replied almost as soon as you posted about the email and sent it. I want to know what action has been taken on my complaint.,"@118701 Sorry to know about the delivery issue. As you've confirmed sharing your details, you should've received an email from (1/2)^KA",Other,,,
amz_thread_0228,@115821 @AmazonHelp I'm so frustrated w/how things keep changing. Making it hard on POOR people!!! Free isn't free anymore.,"@118091 I'm so sorry to hear this! Without revealing any personal account information, will you provide us with more details? ^LH",Other,,,
amz_thread_0008,"Thanks for the style advice, @115833 look ...I think? #Halloween2017 #flamingo https://t.co/XvI54La043",@115832 Alexa says both styles are working for you! My vote goes to the Flamingo look! ^SE,Other,,,
amz_thread_0295,@115821 it’s not nice to upset a kid (my daughter) on Halloween waitin’ for her dress it was prime and extra paid and you guys failed her !,@118829 I'm sorry for the delay in delivery. Could you let us know from which website did you make the purchase? ^RW,Delivery Tracking,,,
amz_thread_0262,@AmazonHelp Please reply with necessary resolution...,@118505 email ID. Kindly check it here: https://t.co/8DAc10S7ww. 2/2 ^RS,Other,,,
amz_thread_0072,@AmazonHelp Want to speak to someone at corp to address these issues.,@116325 Have you tried deleting the card from the account and re-adding it? Have you reached out to USPS about these deliveries? ^AF https://t.co/1XyLaGkcaN,Other,,,
amz_thread_0062,"Hey @115821, why is your Prime 2-day delivery not arriving until Monday? Is there a holiday I don't know about?","@116320 Most items are readily available for shipping; however, some aren't and may have a longer processing time than others. ^QJ",Delivery Tracking,,,
amz_thread_0103,"I swear Amazon are trying to annoy me, I've just ordered another package and had a shipped to wrong carrier facility message again and my order may be delayed. 1st echo dot and then 3 packages lost and now another echo dot possibly delayed.","@116877 I'm sorry for the ongoing trouble with your deliveries! Have you had a chance to contact us about this: https://t.co/JzP7hlA23B? If so, what information or options were we able to offer? ^SB",Delivery Tracking,,,
amz_thread_0180,@AmazonHelp I have filled the details,"@117791 If you've shared your details in the link, we'll check and get back to you with an update soon. ^MK",Other,,,
amz_thread_0139,@AmazonHelp Or you can provide me with a direct dial number and I’ll call it now,@117198 Hi there! We are not able to see customer's account information here on Twitter. Please reach out to us by calling 866-216-1072 and keep us updated on the outcome! ^SP,Other,,,
amz_thread_0100,@AmazonHelp They said it was UPS. UPS says they never received the package to deliver ¯\_(ツ)_/¯,"@116851 To confirm, what does the latest tracking update show? Please check here: https://t.co/eR31oAnsW2 ^BE",Delivery Tracking,,,
amz_thread_0204,"@AmazonHelp Didn’t know I needed to. Is that really a thing?! But still Prime shipping should be 2 days, correct?","@118078 Yes, Release-Date Delivery is definitely a thing and the Amazon Prime two day shipping does mean two days after processed. ^CN",Delivery Tracking,,,
amz_thread_0047,My Kindle not working properly is breaking my heart! 😩💔,"@116093 Oh no! We'd like to help you with this, Kelly! Can you tell us more about what's happening with the Kindle? Thanks! ^AJ",Other,,,
amz_thread_0123,@AmazonHelp 10 hours ago.,@116932 Gotcha- Let us know if you haven't heard back from them on Tuesday. ^BL,Other,,,
amz_thread_0151,@AmazonHelp hi I cancelled an item today but the money has not shown back up in my bank yet can you tell me how long it takes?,"@117511 Hi there, items are not billed to you until they have shipped. If you have been charged for the order already, the refund will reflect on your account within 5-7 business days. You can read more about it here: https://t.co/dexHjftwpD -RD",Refund Inquiry,,,
amz_thread_0253,@115850 why to you promise false discounts with wrong mrp ...the device I bought showed a mrp of 7999 when its actual mrp is 7499 https://t.co/1kqHQVHBcl,@118504 from our sellers. You may also visit this link: https://t.co/yQb39uNRsX for more information. 2/2 ^MK,Other,,,
amz_thread_0069,@AmazonHelp Well ok but @116324 said it’s been dlvd so I can’t see how they will bother to deliver it now! I think they have washed their hands of it,@116323 We're definitely here to help! Please reach out to us by phone here: https://t.co/JzP7hlA23B ^SE,Delivery Tracking,,,
amz_thread_0178,"@AmazonHelp Haven’t received any mail, can you please resend mail to __email__",@117791 I just checked and can see that we have sent you an email correspondence. Request you to please check your spam folder. ^MK,Other,,,
amz_thread_0197,"@AmazonHelp The tracking indicated as here, and then, it seemed to go back in time, saying it was not here anymore. I believe it's USPS",@117948 Please get in touch with us here: https://t.co/Q7Ftz6nj80 and we'd be happy to review available options with you. ^EZ,Delivery Tracking,,,
amz_thread_0015,@AmazonHelp Is it possible to prevent AMZL from delivering my packages moving forward? Stuff is either lost/stolen/broken EVERY time.,@115838 Oh no! We want to hear more about your experience with AMZL. Please provide your feedback here: https://t.co/hApLpMlfHN ^SH,Delivery Tracking,,,
amz_thread_0201,My package from @115821 was supposed to arrive today. Now it not coming till Friday. Why the hell do I pay for prime. Doesn't do shit.,"@117955 Oh no, Blair! Can you confirm the delivery date that was provided in your order confirmation email? ^LA",Delivery Tracking,,,
amz_thread_0058,"@AmazonHelp I made a same day ship mid Monday and it said it would deliver that day. It didn’t. Today it still says out for delivery, still no show.","@116317 I'm so sorry for the late delivery, Kimmie! Our carriers can deliver until 8 PM, please keep us updated on its arrival. ^BE",Delivery Tracking,,,
amz_thread_0021,"Anna Inspired in idea lab at school to be @115821 package being shipped to Narnia! ""Amazon can go anywhere"" according to Anna. https://t.co/TyvKhuu7su",@115843 You're not lion! She even shows witch way is up! That's quite the wardrobe! ^AC,Other,,,
amz_thread_0294,@AmazonHelp when do you guys charge for the Xbox one X I preordered? It ships the 6th.,@118828 Thanks for reaching out to us! You will be charged for your order once it ships out. ^FJ,Other,,,
amz_thread_0257,@AmazonHelp Rather than wasting time here can you please check with your team &amp; confirm whether they have responded. Use basic communication skills Sir,"@118505 We're currently working on your issue, we'll contact you soon. Keep an eye on your mailbox. ^ZH",Other,,,
amz_thread_0036,@AmazonHelp if I add another adult to my Amazon household (with their own account) can they see my wishlists/photos/order history?,@116085 Thanks for reaching out to us! You can find info on adding household members here: https://t.co/i3uumZzaok ^MO,Other,,,
amz_thread_0222,"@AmazonHelp it was doing this a few days ago and a factory reset dixednit, for two days. A hard reboot did not resolve.",@118087 We'd like to try to solve this problem for you! Please contact us here so we can take a closer look: https://t.co/hApLpMlfHN ^CN,Other,,,
amz_thread_0145,I know it’s nearly xmas but seriously I ordered a book from @115821 due to arrive 23rd Oct and still don’t have it or know where it is???,"@117498 I'm sorry for the wait, Jamie! What's the current status of your order here: https://t.co/aaDyEz1VgE? ^SH",Delivery Tracking,,,
amz_thread_0042,@AmazonHelp Deluxe edition on September 16th. It definitely had the pre orders on the profile because that’s why I ordered. Also why I paid for Prime..,@116088 Could you link us to the page of the item on our website? This will allow us to take a closer look at all options. ^VB,Other,,,
amz_thread_0166,@AmazonHelp Incredible! I shouldn’t post my details here Coz it’s public. While you can’t access it being in Amazon! Are you kidding me ?,@117789 We haven't received your details. Kindly share your details here: https://t.co/JzRdscmdH9 and I'll get in touch soon. ^AK,Other,,,
amz_thread_0012,.@AmazonHelp Item has not been delivered but tracking says it was handed to me over an hour ago... 2nd time this has happened. Sort it out https://t.co/42W82GcARk,@115835 I'm so sorry you didn't receive your parcel! We'd like a chance to look into this with you here: https://t.co/JzP7hlA23B ^SY,Delivery Tracking,,,
amz_thread_0277,@AmazonHelp asm mentioned before. You all are just idiots.,@118701 Thanks for replying. We'll get in touch with you soon. Appreciate your understanding. ^AK,Other,,,
amz_thread_0086,"@AmazonHelp Mac book pro, with Chrome",@116617 Hi! I just wanted to ask if my colleagues could assist you? Regards ^TA,Other,,,
amz_thread_0217,@AmazonHelp it's been 7 days &amp; my @115821 order still hasn't shipped. #fail https://t.co/apV29xdWuM,@118084 I'm sorry that your package has not shipped! Did we miss the promised Delivery date found here: https://t.co/Y5jpI9gRhE ^LM,Delivery Tracking,,,
amz_thread_0107,@AmazonHelp It's now a police matter. You could check the police report.,"@116913 I'd like to have a member of our team ensure this is escalated to the correct teams for investigation. When you have a moment, please send us as many details as possible here: https://t.co/DFWr7dqiz5 ^SB",Other,,,
amz_thread_0179,"@AmazonHelp I have checked there is no email from amazon, and amazon is in safe senders list.","@117791 If you haven't received any email, please share your details here: https://t.co/GIJyeYqKE0 and we'll get back to you. ^HD",Other,,,
amz_thread_0186,@115821 thanks for the new movies on Prime video. Something new to distract from pain during CRPS flare ups #TheWitches 🌙🎃,@117802 We are happy that our new selections bring you some comfort. Stay strong Cassandra ^CH,Other,,,
amz_thread_0065,@AmazonHelp and redund issued on 13th https://t.co/1uydlorGCp no sing of my money and amazonuk just saying its in the billing department.no signof devlp,@116321 When you last contacted us what information did we provide? Have you spoken with your bank to see if they have the refund? ^LR,Refund Inquiry,,,
amz_thread_0250,@AmazonHelp How do I disable notifications indicated by the bell icon in upper left corner of iOS Kindle app?,"@118501 We'd like to help in real-time! When you have a free moment, please reach out to us here: https://t.co/hApLpMlfHN ^HM",Other,,,
amz_thread_0286,@115821 STOP USING THE @118706 They are a useless government entity.,"@118705 I'm very sorry about this experience, Robert. We'd like to help! Could you tell us more details about what's going on? ^HM",Delivery Tracking,,,
amz_thread_0275,@AmazonHelp Sorry to have to say this. But you all are idiots. Once more email completely ignoring my query and giving template reply,@118701 That's unusual. Could you please revert to the email with further queries on this? I'll like to have a look into it. ^AB,Other,,,
amz_thread_0282,@AmazonHelp This has been the most frustrating and useless customer service ever.,"@118701 Sorry about the bad experience, Manak. I'll be sure to pass along your feedback internally. ^MS",Other,,,
amz_thread_0026,@AmazonHelp since when you stop giving 20% off videogame pre-orders (amazon prime members) im confused? why?,@115852 We still offer discounts on eligible physical game pre-orders. For further details on Prime benefits: https://t.co/80y2YnlQGJ ^MB,Other,,,
amz_thread_0014,"In response to your @115830 packing video, this packaging was for a 2ft washing line pole @115837 https://t.co/X21SQHgC0K",@115836 Thanks for bringing this to our attention! Please also leave packing feedback here: https://t.co/PMiShxgPvp so we may improve.^KL,Other,,,
amz_thread_0111,"@115821 the more I order from you guys, the more I'm going to stop being a customer....YOUR DRIVERS ARE USELESS. Once again they marked a package delivered when it clearly wasn't. I received one of two packages, yet they were both marked delivered. 3 times in 1 month! https://t.co/9UYVHPVWtE","@116914 I'm so sorry to hear your order was scanned as delivered when it wasn't. We'd like to help if we can. Just to confirm, who's the carrier shown on your order here: https://t.co/wBHsNpkyQZ? ^CC",Delivery Tracking,,,
amz_thread_0131,"@115850 I have stopped ordering from your site, Amazon courier guys are very rude. I have given similar complaints to u no of tyms.",@117088 Apologies for this unpleasant experience. I'd like to take a closer look. 1/2 ^HD,Other,,,
amz_thread_0089,So sad @AmazonHelp @115830 ruined his FIRST Halloween by failing to deliver his tiny costume 2 days running #whypayprime? #amazon #prime,@116830 Oh no! Did we miss the expected delivery date from your confirmation e-mail here: https://t.co/OmqrPtDrzj Please let us know. ^KL,Delivery Tracking,,,
amz_thread_0261,"@AmazonHelp Nobody has called till now, why are you sending fake replies",@118505 Sorry for the stretch. Please reply to the email you've received from our Social media team and we'll get back. ^KA,Other,,,
amz_thread_0121,Just had my first @115821 Prime Now delivery. 2 hours flat 👏👏,@116929 Awesome! Enjoy! ^BL,Other,,,
amz_thread_0093,"@AmazonHelp already tried help by mail and still problem persist, please close my account and don't want to be a customer anymore https://t.co/m2g5tP26fX","@116849 I'm sorry. We can't access your account via Twitter. For assistance, please reach us here: https://t.co/jzvkhdlrK5 ^WT",Other,,,
amz_thread_0256,"@AmazonHelp Uff, I am continuously trying to tell you that I have already replied and a 24 hr tat for receiving call was given which​ U have failed on",@118505 If you've already replied to the email sent by our team. I'm sure our team will reach out to you soon with an update. ^VM,Other,,,
amz_thread_0023,@115847 @115821 Yeah idk the shipping company and it says “mike Ziemer” signed for it in the mail room at our building lol,@115846 That's okay! Thanks for checking! Please contact us by phone or chat and we can look into this: https://t.co/hApLpMlfHN ^BN,Delivery Tracking,,,
amz_thread_0298,@AmazonHelp here is the email. Conflicting answers from others in similar situations online. https://t.co/9zbCqLzokH,@118832 Thank you for bringing this to our attention! I understand the concern. You can report this here: https://t.co/1oz4X7rU5m (1/2),Other,,,
amz_thread_0248,@AmazonHelp It's point less to actually fill this form.Since you always give me those replies with I'll personally follow up and stuff..,@118356 Twitter is a social media platform we'll not be able to access any of your account/order details. Please share your 1/2 ^SH,Other,,,
amz_thread_0004,@115828 How about you guys figure out my Xbox One X project Scorpio edition first. No expected delivery or shipping date and it’s only a week away,@115826 I'm sorry for the wait. You'll receive an email as soon as we have an estimated delivery date. ^FJ,Delivery Tracking,,,
amz_thread_0258,"@AmazonHelp I have replied Sir, try and understand the gratitude of this event. You are exposing yourself in bad light","@118505 Apologies, thank you for replying to the email. We'll get back on this soon. Appreciate your patience. ^BS",Other,,,
amz_thread_0227,@AmazonHelp Talked w/ cust. serv. yesterday. Just sent an email from link. Would like a straight answer abt my order.,@118090 We'd still like to help. What is the delivery date shown in the order e-mail: https://t.co/L9Xapf1v25? Who is the carrier? ^SJ,Other,,,
amz_thread_0234,Bit of a piss take really now @115830 - was promised it by 9pm today. https://t.co/QKJ9a5DIki,@118232 Oh no! Let's talk about this in real time. Please call or chat with us here: https://t.co/wMcUf6lHpn ^BA,Delivery Tracking,,,
amz_thread_0122,"I have 2 echos and set up multi room music playback. How do you switch back and forth between multi room audio and playing on only one? Sometimes I like whole house, sometimes I don't want to wake up my wife. @115833 #echo #alexa","@116931 Please try asking Alexa to stop playing your music, and then ask her to play your music again, but without referencing the ""Multi-Room Music group"" you were previously using: https://t.co/gR1MEFl0If ^JR",Other,,,
amz_thread_0040,"@116090 Saying I preordered to early, terrible customer service. Won’t renew prime if this isn’t fixed.","@116088 I'm sorry for the frustration, Anthony! Can you tell me more about which pre-order bonuses are missing? ^EA",Other,,,
amz_thread_0206,"@115821 u just lost a prime member of many years. Not only did u mess up 3 consec orders, u refuse to make good on them.",@118079 I'm sorry! We'd love to help where we can. Please give us more details without sharing personal account information. ^LM,Other,,,
amz_thread_0113,"@AmazonHelp No, I can't check. It shows nothing. And customer service rep was NO help.","@116915 If you would like to contact our support team via phone, please give us a call so we can review these details with you: 1-866-216-1072. ^WM",Other,,,
amz_thread_0018,"@AmazonHelp Already handled, just venting. It was a pretty big bummer.",@115839 Let us know if there’s anything else we can do for you! We're happy to help out any way we can! ^FR,Other,,,
amz_thread_0210,"Uhh... my 10 y/o just asked Alexa to play Halloween music. First song opening lyric: ""yippee kiyay motherfucker."" Wtf @116935??",@118080 Yikes! We'd like to take a closer look into this. Please reach out with more information here: https://t.co/6Z7czEwEfV ^DG,Other,,,
amz_thread_0273,@AmazonHelp For the third time. I HAVE NO RECENT E-MAIL FROM YOUR SOCIAL MEDIA TEAM.,"@118701 Sorry for the trouble, Manak. Please resubmit the details here: https://t.co/GIJyeYqKE0 and we'll have this checked. ^KA",Other,,,
amz_thread_0159,@AmazonHelp Had a package scheduled for delivery today and it didn’t come I’m not happy,@117636 I'm sorry your shipment hasn't arrived; what is the latest status on the order: https://t.co/Y5jpI9gRhE? ^LR,Delivery Tracking,,,
amz_thread_0041,@AmazonHelp Never got the beta and now I’m being told I won’t get ANY of the other stuff. Including Last Jedi content and or bonus classes. Anything! :(,"@116088 We'd like to see what we can do to help. What date did you place the order on, and which version did you order? ^MB",Other,,,
amz_thread_0229,"@AmazonHelp So much of the programming has changed on Prime. Blues Clues was free, now it's not. Still constantly having problems with my Fire Stick.","@118091 What kind of problems are you having with your Fire Stick, Mildred? ^VB",Other,,,
amz_thread_0246,@AmazonHelp Many times..Always got them saying well deliver it by deadline...I hate your service now,@118356 Sorry about the delay with the order. Please share your details here: https://t.co/GIJyeYqKE0 and we'll check this. ^KA,Delivery Tracking,,,
amz_thread_0190,"@AmazonHelp I have a package that is showing as delivered last Friday, however it has not been and there is no note. Thanks",@117870 I'm sorry for any concern this causes! We'd like a chance to look into this with you by phone or chat here: https://t.co/JzP7hlA23B ^WT,Delivery Tracking,,,
amz_thread_0138,"@AmazonHelp Will do in morning. By the way, I’ve complained about this same issue 3 times and twice before directly to carrier.","@117198 When you have a moment, please phone us here: https://t.co/hApLpMlfHN ^RR",Other,,,
amz_thread_0009,@AmazonHelp Hi ready for some help,@115834 Were you able to reach us at the link DW provided? ^TR,Other,,,
amz_thread_0038,"I ordered some parts of my costume late, but my amazon has a map of the driver and they're like, 6 houses away.",@116087 I'm sorry for the long wait; what is your current order status showing when you review it: https://t.co/Y5jpI9gRhE? ^WM,Delivery Tracking,,,
amz_thread_0010,@AmazonHelp Is the Echo Show no longer supported?,"@115834 The Echo Show is supported, please reach us for some live troubleshooting at your convenience: https://t.co/hApLpMlfHN ^DW",Other,,,
amz_thread_0174,@AmazonHelp I already chatted with help and am still not convinced i'll get the right item because clearly the warehouse workers can't read.,@117793 Please keep us posted if a replacement was provided. We want to ensure you receive the correct phone case. ^EZ,Damaged/Wrong Item,,,
amz_thread_0085,"@AmazonHelp Mac book pro, with Chrome",@116617 In this case please contact my colleagues via: https://t.co/LFLW8z8jr2 They will help you! Regards ^DW,Other,,,
amz_thread_0135,"I lost my signal while searching something in @115821 and since the page didn't load, this shows up...I am not even mad. #DogsForLife https://t.co/QhdOmksrrY","@117091 We know not having service is ruff, but dogs make everything better! 🐶 ^HM",Other,,,
amz_thread_0244,@116090 don't promise a 1 day shipping with a GUARANTEED 8pm delivery when you can't keep it,@118233 Oh no! Have we missed the estimated delivery date showing in your order confirmation e-mail? We're here to help! ^ML,Delivery Tracking,,,
amz_thread_0077,@115830 Why do you say that an article is eligible for free delivery then offer nothing but standard option at £4.75?,@116610 Is everything in your basket eligible? You can find more info here: https://t.co/d1x19RiAXm Let us know if this helps! ^EB,Other,,,
amz_thread_0055,"@AmazonHelp Hi, I ordered an item on 18 Oct which said it would be delivered by 20 Oct and I still haven't received it. Can you help? Thanks",@116314 I'm sorry you haven't received it yet! Have you had an e-mail regarding the order? Please check junk/spam and let us know! ^TG,Delivery Tracking,,,
amz_thread_0283,"@AmazonHelp After getting a confirmation that it will be delivered post 7 pm, i have got an email at 1:30 in the afternoon that i was not available !",@118701 We're following up on this. We'll check this and update you. ^SG,Delivery Tracking,,,
amz_thread_0209,"@AmazonHelp They did not. The wrinkle is, I board a plane for the U.K. In the am and these items were part of the attire for the wedding im in.","@118079 Hey, Mike! Were the other late items also shipped via USPS? You can check here: https://t.co/Y5jpI9gRhE ^LA",Delivery Tracking,,,
amz_thread_0270,@AmazonHelp I had replied almost as soon as you posted about the email and sent it. I want to know what action has been taken on my complaint.,"@118701 our team. Please check and reply, we'll get back. You may check the email here: https://t.co/NTkrxpsbHJ (2/2) ^KA",Other,,,
amz_thread_0067,the @amazonhelp queue is clueless on Amazon Household,"@116322 I'm sorry for the frustration! Without giving account/personal details, can you please provide us with more info? ^AC",Other,,,
amz_thread_0274,"@AmazonHelp Submitted, for the third time for the same issue.",@118701 Thanks for submitting the details. We've received your details and we'll reach out to you soon. ^GK,Other,,,
amz_thread_0185,@AmazonHelp if thats the case because if I pay for overnight shipping/delivery i expect to get what I paid for.,@117801 I'm sorry for the wait! One-Day shipping refers to transit time in business days once an order's shipped! (1/2),Delivery Tracking,,,
amz_thread_0120,@AmazonHelp I’m looking to reroute all my packages (except 1) to a nearby Amazon locker. I’ll DM you now :),@116923 Thanks for the information. We've responded to your DM. ^GG,Delivery Tracking,,,
amz_thread_0050,@AmazonHelp that is not my apartment!!!!!!! This is the sending time!!!! Where is my package!!!!!!!!!! https://t.co/EIY6DZUCDC,@116094 I'm so sorry! We'd like to make sure this is addressed. Please provide some details here: https://t.co/KctVgMFvbp (1/2),Delivery Tracking,,,
amz_thread_0088,@115830 you pay for prime expecting next day delivery. Then receive 2 emails half hr apart 'failed delivery' but your sitting at home 😡,"@116619 I'm sorry your parcel wasn't delivered. Please reach us here: https://t.co/XRh1cqD2lT, so we can look into this with you. ^MO",Delivery Tracking,,,
amz_thread_0153,"@AmazonHelp I got it sorted out, after multiple phone calls and failed chat sessions (those were horrible btw)","@117631 Thanks for the update! I'm sorry about the order issues and your inconvenience, but glad that everything has been resolved. ^SE",Other,,,
amz_thread_0260,"@AmazonHelp I have replied to it many and still have not received any response, sending you a legal notification for closing this fraud business",@118505 Sorry for the trouble you've had. Kindly reply to the email you've received from our team &amp; we'll look into this further.^MM,Other,,,
amz_thread_0266,@AmazonHelp Can you please update over this quickly,"@118505 We've sent a correspondence to your registered email address, request you to check the same. ^SH",Other,,,
amz_thread_0001,Way to drop the ball on customer service @115821 so pissed right now!,"@115820 I'm sorry we've let you down! Without providing any personal information, will you describe the issue? We'd love to help. ^TN",Other,,,
amz_thread_0183,Please explain this @AmazonHelp https://t.co/VJ4d1ii4PH,@117800 I'm sorry it hasn't arrived! We strive to meet the delivery date in your confirmation e-mail. Have we missed that date? ^MO,Other,,,
amz_thread_0150,@115850 pls investigate ur satara (Maharashtra) amzn staff or ur reputation is doomed in the region in long term.,@117088 Request you to please fill in the details in the link provided earlier and we'll look into this. ^MK,Other,,,
amz_thread_0087,"@AmazonHelp I need to change the language of my account to be able to get support, which I don't have the time to do, there's any other way to contact?",@116617 Changing language is just a simple click: https://t.co/CXXk5VglR4 You can reach our support here: https://t.co/aAfOxTGpe1 ^UK,Other,,,
amz_thread_0057,"@116316 Hi. How can I restrict results to German language books, while searching titles on amazon.de?","@116315 Hi, just a question at the beginning - do you prefer answers in German or English? ^NW",Other,,,
amz_thread_0128,@AmazonHelp But why has every item got 3+ days processing time when it's usually next day,@116936 Some deliveries may take slightly longer than usual. You can read more information on here: https://t.co/VrNzEOwawt ^KI,Delivery Tracking,,,
amz_thread_0290,"@115821 WTF! Called them again and again, the call was dropped after 5 seconds of talking to someone. This is my 4th call for product NOT delivered",@118709 Was any information provided to you in the phone conversation? Who was the carrier as listed here: https://t.co/Y5jpI9gRhE ^CH,Delivery Tracking,,,
amz_thread_0184,@AmazonHelp if thats the case because if I pay for overnight shipping/delivery i expect to get what I paid for.,"@117801 (2/2) If we’ve missed the date in our order confirmation e-mail, please let us know here: https://t.co/hApLpMlfHN! ^WT",Delivery Tracking,,,
amz_thread_0224,@AmazonHelp isn't prime two day shipping supposed to be guaranteed? what happens when its late?,@118088 I'm sorry you haven't received your order yet! Have we missed the delivery date confirmed via e-mail: https://t.co/CTNCjpcgOm? ^GM,Delivery Tracking,,,
amz_thread_0133,I go to watch #thebay and episode 7 &amp; 8 aren’t there??? 😭 @117090 @AmazonHelp,"@117089 I'm sorry, I see we do have both episodes available. Can you let us know which device you are streaming this on? ^EB",Other,,,
amz_thread_0296,@115830 you have a problem in your website =D https://t.co/4eTPnxNN4q,@118830 Thanks for bringing this to our attention. I've escalated this to our website team. ^SJ,Other,,,
amz_thread_0293,"Got @115821 Prime, @916 won't leave package at the door. Rode my bike across the city to up my package. #homedelivery","@118827 I'm sorry this happened, Davis! Please provide carrier feedback here about this order: https://t.co/pXnlwBDrQ6 ^SH",Delivery Tracking,,,
amz_thread_0094,"@AmazonHelp how is Amazon going to solve this? By mail, text, call, customer phone service, no one is able to help me https://t.co/jhzCjY2bOw",@116849 We want our team to investigate this further with you. Please reach out to us using the secure link: https://t.co/m1LX91jiEQ,Other,,,
amz_thread_0172,@115833 please teach Alexa slang. I've been trying to play Momentz by gorillaz for the last 30 minutes.,@117792 We are always looking for ways to improve! You can provide your feedback to our developers here: https://t.co/XD4MGgu8XV ^EA,Other,,,
amz_thread_0114,WHERES MY PC CASE AMAZON. Are loss memes organic.,@116916 I'm sorry you have received your item! Can you please tell us the intended delivery date stated in your order confirmation e-mail? ^AC,Delivery Tracking,,,
amz_thread_0108,Amazon delivery guy refused to give the police his ID and suddenly started sounding like an attorney. Good grief,"@116913 We'd like to make sure this is addressed, Eric. Would you tell us more about what happened? ^AM",Other,,,
amz_thread_0016,"@AmazonHelp I don't want a form to fill out that logs a response no one reads. I want to prevent AMZL from touching my stuff. Possible, or no?","@115838 Is there a current order you're having difficulties with? Please let us know, we'd like to help! ^KL",Delivery Tracking,,,
amz_thread_0205,Hey @115821 What’s the point of preordering a game if I don’t get it until 5 days after release?,@118078 I'm sorry for the frustration! Did you select Release-Date Delivery at checkout? ^AC,Delivery Tracking,,,
amz_thread_0175,I was incredibly disappointed with my customer service call w @117795 after my order was 2x delayed and lost.,@117794 I'm sorry for the bad experience! What options did we offer on the phone? ^TN,Delivery Tracking,,,
amz_thread_0024,@AmazonHelp Already contacted 3-4 times in the last month. But all I got was assurance that matter is escalated &amp; new status will be provided in 1 day!,@115849 Please share your details here:https://t.co/GIJyeYqKE0 and I'll get back to you. 2/2 ^HD,Other,,,
amz_thread_0278,@AmazonHelp Thanks. I wish the same degree of concern were shown about my complaint though.,@118701 Could you please confirm if you have replied to our email? ^MK,Other,,,
amz_thread_0091,"@115833, hi, I've bought an Amazon echo for for a present do they also need an Amazon alexa?",@116846 Alexa is a free download you will need to set-up your new Amazon Echo! You can learn more here: https://t.co/f8fHTB1Gs5 ^BN,Other,,,
amz_thread_0070,@116324 not dlvd after 1 wk. U lied 2 @AmazonHelp saying left in safe place on Fri. Yesterday u said wld be dlvd 24-48hrs. Sort this now!,@116323 I'm sorry your order hasn't arrived yet! Please let us know if you haven't received it within 48 hours. ^EB,Delivery Tracking,,,
amz_thread_0188,"@AmazonHelp I was on the phone for an hour; kids fire tablet not working , warranty is a lie and your agents are rude.",@117845 I'm sorry for this poor experience. We'd like to look into this. Please pass your details to us here: https://t.co/vQp02VsuI4 ^RR,Other,,,
